id_book,page,start_time,duration,total_pages
1,1,1783871366,14,8
1,8,1783871389,24,8
2,1,1783874673,13,199
2,4,1783874696,27,235
2,5,1783874723,11,235
2,6,1783874734,29,235
2,7,1783874763,8,235
2,8,1783874771,120,235
2,9,1783875031,26,235
2,10,1783875057,19,235
2,11,1783875076,29,235
2,12,1783875105,22,235
2,14,1783875131,17,235
2,15,1783875148,55,235
2,16,1783875203,16,235
2,17,1783875219,45,235
2,18,1783875264,6,235
2,42,1783875305,23,235
2,50,1783875338,19,235
2,61,1783875377,41,235
2,62,1783875418,5,235
2,54,1783875440,14,235
2,80,1783875514,10,246
2,56,1783875454,13,246
2,77,1783875498,5,246
2,78,1783875503,10,246
2,81,1783875527,5,246
2,80,1783875532,99,246
2,79,1783875637,30,246
3,1,1783875681,15,252
3,4,1783875702,19,252
3,5,1783875721,9,252
3,7,1783875733,9,252
3,11,1783875750,51,252
3,12,1783875801,120,252
3,13,1783875931,62,252
3,14,1783875993,28,252
3,15,1783876021,8,252
3,16,1783876029,35,252
3,17,1783876064,34,252
3,18,1783876098,63,252
4,6,1783876184,9,212
4,7,1783876193,55,212
4,8,1783876248,70,212
4,9,1783876318,53,212
4,10,1783876371,33,212
4,11,1783876404,53,212
4,12,1783876457,22,212
4,14,1783876482,5,212
5,1,1783876502,12,212
5,2,1783876514,16,212
5,4,1783876533,13,212
5,7,1783876548,7,212
5,8,1783876559,29,212
5,9,1783876588,49,212
5,10,1783876637,37,212
5,11,1783876674,9,212
5,14,1783906511,39,212
5,13,1783906401,110,212
5,15,1783906550,119,212
5,12,1783906246,120,212
4,14,1783906679,8,212
5,15,1783906693,7,212
5,15,1783906703,31,212
5,16,1783906734,9,212
5,17,1783906743,22,212
5,18,1783906765,29,212
5,19,1783906794,31,212
5,20,1783906825,20,212
5,21,1783906845,61,212
5,22,1783906906,28,212
5,22,1783906939,28,212
5,23,1783906934,5,212
5,23,1783906967,33,212
5,24,1783907000,45,212
5,25,1783907045,24,212
5,26,1783907069,44,212
5,27,1783907113,23,212
5,28,1783907136,34,212
5,29,1783907170,38,212
5,30,1783907208,11,212
5,31,1783907219,51,212
5,32,1783907270,18,212
5,33,1783907288,28,212
5,34,1783907316,42,212
5,35,1783907358,24,212
5,36,1783907382,40,212
5,37,1783907422,46,212
5,45,1783912315,68,212
5,43,1783912212,59,212
5,39,1783911542,120,212
5,46,1783912383,55,212
5,41,1783912066,52,212
5,44,1783912271,44,212
5,42,1783912118,94,212
5,40,1783911687,120,212
5,38,1783911470,72,212
5,50,1783912577,33,212
5,50,1783912625,120,212
5,48,1783912468,30,212
5,47,1783912438,30,212
5,51,1783912610,15,212
5,49,1783912498,79,212
5,51,1783912951,120,212
6,1,1783913114,66,1536
6,2,1783913180,92,1536
6,3,1783913272,17,1536
6,4,1783913289,77,1536
6,5,1783913366,91,1536
6,6,1783913457,120,1536
6,7,1783913589,120,1536
6,8,1783913725,70,1536
6,9,1783913795,106,1536
6,10,1783913901,77,1536
6,11,1783913978,27,1536
6,13,1783914007,120,1536
6,14,1783914174,62,1536
6,15,1783914236,53,1536
6,16,1783914289,120,1536
6,16,1783914469,24,1536
6,18,1783914495,89,1536
6,19,1783914584,120,1536
6,20,1783914773,89,1536
6,21,1783914862,120,1536
6,22,1783915149,5,1536
6,22,1783915169,12,1536
6,21,1783915089,60,1536
6,21,1783915154,15,1536
6,23,1783915181,21,1536
6,25,1783915212,120,1536
6,24,1783915202,10,1536
6,26,1783915493,120,1536
6,32,1783916421,8,1536
6,33,1783916429,16,1536
6,34,1783916445,6,1536
6,36,1783916453,15,1536
6,37,1783916468,60,1536
6,38,1783916528,16,1536
7,1,1783916570,6,357
7,2,1783916576,30,357
7,3,1783916606,79,357
7,4,1783916685,11,357
7,5,1783916696,9,357
7,6,1783916705,29,357
7,9,1783916738,6,357
8,1,1783916781,8,1
9,5,1783916816,10,450
9,6,1783916826,12,450
9,7,1783916838,8,450
9,9,1783916850,5,450
9,10,1783916855,13,450
9,11,1783916868,9,450
9,12,1783916877,15,450
9,13,1783916892,24,450
9,14,1783916916,9,450
9,15,1783916925,6,450
9,16,1783916931,23,450
9,18,1783916955,9,450
9,20,1783916966,7,450
9,21,1783916973,13,450
9,21,1783916988,38,450
9,22,1783917026,5,450
9,22,1783917032,66,450
9,23,1783917098,56,450
9,24,1783917154,21,450
9,24,1783917185,43,450
9,25,1783917175,10,450
9,25,1783917228,43,450
9,26,1783917271,57,450
9,27,1783917328,60,450
9,28,1783917388,78,450
9,29,1783917471,53,450
9,30,1783917524,68,450
10,5,1783931041,120,169
11,3,1783985351,120,177
11,4,1783985604,59,177
11,5,1783985663,76,177
11,6,1783985739,64,177
11,7,1783985803,61,177
11,9,1783985868,81,177
11,11,1783985951,27,177
11,12,1783985978,57,177
11,13,1783986035,100,177
11,14,1783986135,81,177
11,15,1783986216,108,177
11,16,1783986324,105,177
11,17,1783986429,91,177
11,21,1783986709,58,177
11,20,1783986663,46,177
11,18,1783986520,99,177
11,19,1783986619,44,177
11,22,1784025224,48,177
11,23,1784025272,38,177
11,24,1784025310,44,177
11,25,1784025354,81,177
11,26,1784025435,46,177
11,27,1784025481,58,177
11,28,1784025539,61,177
11,29,1784025600,38,177
11,30,1784025638,81,177
11,31,1784025719,40,177
11,32,1784025759,47,177
11,33,1784025806,106,177
11,37,1784026091,7,177
11,37,1784026111,40,177
11,34,1784025912,51,177
11,35,1784025963,80,177
11,36,1784026043,48,177
11,36,1784026098,13,177
11,38,1784028056,77,177
11,43,1784028819,120,177
11,42,1784028720,99,177
11,39,1784028133,33,177
11,41,1784028273,120,177
11,40,1784028166,107,177
11,37,1784028030,26,177
11,51,1784029886,88,177
11,45,1784029249,120,177
11,52,1784029974,80,177
11,50,1784029797,89,177
11,48,1784029634,75,177
11,44,1784029111,120,177
11,47,1784029533,101,177
11,46,1784029441,92,177
11,49,1784029709,88,177
11,56,1784030339,120,177
11,54,1784030123,99,177
11,55,1784030222,117,177
11,53,1784030054,69,177
11,57,1784030657,120,177
11,61,1784031130,10,182
11,58,1784030928,38,182
11,60,1784031000,120,182
11,59,1784030966,8,182
11,59,1784030978,22,182
11,67,1784031660,113,182
11,68,1784031773,114,182
11,64,1784031332,103,182
11,62,1784031240,34,182
11,65,1784031435,63,182
11,71,1784032030,120,182
11,70,1784031946,84,182
11,66,1784031498,120,182
11,69,1784031887,59,182
11,63,1784031294,38,182
11,61,1784031216,24,182
11,61,1784031274,18,182
11,78,1784032631,120,182
11,77,1784032589,42,182
11,74,1784032354,60,182
11,76,1784032490,94,182
11,73,1784032246,102,182
11,72,1784032167,79,182
11,75,1784032414,76,182
11,78,1784033534,105,182
11,80,1784033788,42,182
11,80,1784033843,120,182
11,76,1784033452,68,182
11,75,1784033445,7,182
11,81,1784034026,105,182
11,79,1784033411,6,182
11,79,1784033639,120,182
11,79,1784033830,13,182
11,77,1784033420,24,182
11,77,1784033520,14,182
11,82,1784034131,120,182
11,86,1784035045,24,182
11,86,1784035071,120,182
11,85,1784035028,17,182
11,83,1784034949,59,182
11,84,1784035008,20,182
11,88,1784035289,120,182
11,88,1784035416,19,182
11,87,1784035193,96,182
11,105,1784110931,54,182
11,99,1784110625,73,182
11,99,1784110705,14,182
11,91,1784110169,46,182
11,106,1784110985,48,182
11,98,1784110553,72,182
11,90,1784110143,26,182
11,101,1784110725,35,182
11,93,1784110288,35,182
11,100,1784110698,7,182
11,100,1784110719,6,182
11,92,1784110215,73,182
11,103,1784110827,71,182
11,95,1784110357,111,182
11,102,1784110760,67,182
11,94,1784110323,26,182
11,94,1784110350,7,182
11,97,1784110528,25,182
11,89,1784110110,33,182
11,104,1784110898,33,182
11,96,1784110468,60,182
11,108,1784111111,83,182
11,107,1784111033,78,182
11,109,1784111194,65,182
11,114,1784111496,24,182
11,110,1784111259,61,182
11,117,1784111608,62,182
11,115,1784111520,52,182
11,119,1784111766,74,182
11,111,1784111320,76,182
11,120,1784111844,64,182
11,116,1784111572,36,182
11,112,1784111396,48,182
11,118,1784111670,96,182
11,121,1784111908,31,182
11,113,1784111444,52,182
11,132,1784112556,33,182
11,126,1784112195,66,182
11,134,1784112662,120,182
11,127,1784112261,70,182
11,133,1784112589,73,182
11,131,1784112517,39,182
11,128,1784112331,27,182
11,128,1784112360,27,182
11,129,1784112387,66,182
11,122,1784111939,68,182
11,130,1784112457,60,182
11,123,1784112007,6,182
11,125,1784112051,120,182
11,124,1784112013,38,182
11,140,1784113110,120,182
11,141,1784113318,67,182
11,142,1784113392,52,182
11,135,1784112850,85,182
11,135,1784112945,14,182
11,144,1784113474,19,182
11,136,1784112935,10,182
11,136,1784112959,32,182
11,137,1784112991,34,182
11,138,1784113025,12,182
11,139,1784113037,73,182
11,143,1784113444,30,182
11,147,1784289039,73,182
11,146,1784288954,85,182
11,145,1784288778,44,182
11,145,1784288827,120,182
11,144,1784288822,5,182
11,150,1784289353,21,182
11,153,1784289486,39,182
11,149,1784289271,82,182
11,152,1784289378,108,182
11,148,1784289112,120,182
11,155,1784289635,53,182
11,156,1784289688,120,182
11,154,1784289525,110,182
11,162,1784290160,50,182
11,161,1784290120,40,182
11,160,1784290080,24,182
11,159,1784289982,98,182
11,159,1784290104,14,182
11,165,1784290392,120,182
11,158,1784289910,72,182
11,164,1784290273,119,182
11,157,1784289822,79,182
11,163,1784290210,63,182
11,170,1784291166,20,182
11,169,1784291092,74,182
11,168,1784290907,120,182
11,167,1784290867,40,182
11,166,1784290851,7,182
11,166,1784290859,8,182
11,173,1784291385,69,182
11,172,1784291342,43,182
11,171,1784291186,120,182
11,178,1784292851,27,182
11,179,1784292878,43,182
11,176,1784292811,35,182
11,177,1784292846,5,182
11,175,1784292753,58,182
11,182,1784292990,17,182
11,174,1784291742,120,182
11,180,1784292921,31,182
11,181,1784292958,32,182
13,1,1784293017,13,89
14,2,1784293079,5,370
14,3,1784293084,8,370
14,4,1784293092,6,370
14,5,1784293098,9,370
14,9,1784293114,8,370
14,9,1784293123,96,370
14,10,1784293219,100,370
14,11,1784293319,120,370
14,12,1784293603,8,370
15,1,1784293625,5,663
15,1,1784293639,31,663
15,4,1784293675,18,663
15,5,1784293693,57,663
15,6,1784293750,40,663
15,7,1784293790,61,663
15,8,1784293851,44,663
15,9,1784293895,42,663
15,10,1784293937,46,663
15,11,1784293983,37,663
15,12,1784294020,26,663
15,13,1784294046,32,663
15,14,1784294078,8,663
16,1,1784294110,12,283
16,2,1784294122,6,283
16,6,1784294135,5,283
16,15,1784294156,65,283
16,60,1784294243,10,283
16,62,1784294253,14,295
16,86,1784294276,120,295
16,87,1784294473,12,295
16,87,1784294486,5,295
16,87,1784294506,18,295
16,101,1784294531,116,295
17,8,1784341021,5,307
18,10,1784341092,8,621
18,14,1784341105,10,621
19,3,1784341146,47,63
19,3,1784341194,18,63
19,4,1784341212,24,63
19,5,1784341236,6,63
19,6,1784341242,17,63
19,7,1784341259,33,63
19,8,1784341292,10,63
19,9,1784341302,8,63
19,10,1784341310,85,63
19,11,1784341395,48,63
19,11,1784341495,23,63
19,12,1784341443,52,63
19,13,1784341522,54,63
19,14,1784341576,61,63
19,15,1784341637,45,63
19,16,1784341682,19,63
19,17,1784341701,38,63
19,18,1784341739,62,63
19,19,1784341801,43,63
19,20,1784341844,54,63
19,21,1784341898,31,63
19,22,1784341929,56,63
19,22,1784341987,21,63
19,23,1784342008,47,63
19,24,1784342055,19,63
19,25,1784342074,28,63
19,26,1784342102,66,63
19,27,1784342168,48,63
19,28,1784342216,25,63
19,28,1784342266,5,63
19,29,1784342241,25,63
19,29,1784342271,29,63
19,30,1784342300,42,63
19,31,1784342342,50,63
19,32,1784342392,32,63
19,33,1784342424,61,63
19,34,1784342485,15,63
19,34,1784342505,8,63
19,35,1784342500,5,63
19,35,1784342513,18,63
19,36,1784342531,41,63
19,37,1784342572,15,63
19,38,1784342587,13,63
19,39,1784342600,49,63
19,40,1784342649,74,63
19,41,1784342723,64,63
19,42,1784342787,48,63
19,43,1784342835,57,63
19,44,1784342892,37,63
19,45,1784342929,7,63
19,46,1784342936,5,63
19,53,1784342948,36,63
19,55,1784343030,17,63
19,58,1784343064,5,63
19,56,1784343047,12,63
19,54,1784342984,46,63
19,63,1784343115,44,63
19,62,1784343096,6,63
19,62,1784343103,12,63
19,57,1784343059,5,63
19,61,1784343088,8,63
19,59,1784343069,9,63
20,1,1784343173,5,290
20,2,1784343178,6,290
20,3,1784343184,9,290
20,7,1784343198,10,290
20,8,1784343208,14,290
20,9,1784343222,36,290
20,10,1784343258,53,290
20,11,1784343311,19,290
20,12,1784343330,65,290
20,13,1784343395,25,290
20,14,1784343420,40,290
20,15,1784343460,43,290
20,16,1784343503,44,290
20,17,1784343547,13,290
20,18,1784343560,38,290
20,19,1784343598,45,290
20,20,1784343643,29,290
20,21,1784343672,36,290
20,22,1784343708,64,290
20,23,1784343772,68,290
20,24,1784343840,70,290
20,25,1784343910,47,290
20,25,1784344065,21,290
20,25,1784344107,5,290
20,26,1784344086,21,290
20,26,1784344112,35,290
20,27,1784344147,55,290
20,28,1784344202,59,290
20,29,1784344261,34,290
20,30,1784344295,59,290
20,31,1784344354,59,290
20,32,1784344413,112,290
20,33,1784344525,24,290
20,34,1784344549,24,290
20,35,1784344573,75,290
20,36,1784344648,73,290
20,37,1784344721,50,290
20,38,1784344771,39,290
20,39,1784344810,40,290
20,40,1784344850,47,290
20,40,1784344903,120,290
20,41,1784344897,6,290
21,1,1784348000,24,874
21,2,1784348034,20,874
21,3,1784348054,32,874
21,4,1784348024,9,874
21,4,1784348086,30,874
21,5,1784348116,64,874
21,6,1784348180,28,874
21,7,1784348208,51,874
21,8,1784348259,69,874
21,9,1784348328,43,874
21,10,1784348371,6,874
21,11,1784348377,41,874
21,12,1784348418,79,874
21,13,1784348497,110,874
21,14,1784348607,64,874
21,15,1784348671,45,874
21,16,1784348716,44,874
21,17,1784348760,83,874
21,18,1784348843,68,874
21,19,1784348911,45,874
21,20,1784348956,109,874
21,21,1784349065,87,874
21,22,1784349152,67,874
21,23,1784349223,57,874
21,24,1784349280,120,874
21,25,1784349406,45,874
21,26,1784349451,60,874
21,27,1784349511,120,874
21,28,1784349676,61,874
21,29,1784349737,54,874
21,30,1784349791,77,874
21,34,1784350017,63,874
21,32,1784349904,41,874
21,31,1784349868,36,874
21,41,1784350474,52,874
21,39,1784350325,75,874
21,37,1784350197,51,874
21,33,1784349945,72,874
21,43,1784350569,27,874
21,43,1784350598,49,874
21,36,1784350137,60,874
21,35,1784350080,57,874
21,44,1784350647,75,874
21,42,1784350526,43,874
21,40,1784350400,74,874
21,38,1784350248,77,874
21,45,1784350722,90,874
21,46,1784351635,120,874
21,45,1784352004,120,874
21,53,1784352593,80,904
21,49,1784352371,56,904
21,47,1784352253,57,904
21,52,1784352544,49,904
21,50,1784352427,56,904
21,48,1784352310,56,904
21,46,1784352144,109,904
21,55,1784352860,71,904
21,54,1784352673,120,904
21,51,1784352483,61,904
21,67,1784353548,58,904
21,67,1784353666,14,904
21,69,1784353777,70,904
21,68,1784353606,60,904
21,68,1784353680,97,904
21,64,1784353332,113,904
21,62,1784353228,68,904
21,58,1784353055,59,904
21,56,1784352931,76,904
21,60,1784353180,21,904
21,65,1784353445,58,904
21,59,1784353118,62,904
21,66,1784353503,45,904
21,61,1784353201,27,904
21,63,1784353296,36,904
21,57,1784353007,48,904
21,71,1784353900,66,904
21,72,1784353966,70,904
21,70,1784353847,53,904
21,73,1784354036,78,904
21,76,1784354306,19,904
21,76,1784354657,65,904
21,74,1784354114,78,904
21,75,1784354192,18,904
21,75,1784354212,94,904
21,75,1784354325,120,904
21,77,1784363065,120,904
21,77,1784364105,89,904
21,77,1784364230,7,904
21,78,1784364194,28,904
22,1,1784364249,11,195
22,2,1784364667,120,195
23,1,1784365149,5,406
23,5,1784365157,7,406
24,4,1784368150,41,833
24,15,1784368203,19,833
24,72,1784368264,7,833
24,74,1784368256,5,833
24,85,1784368231,5,833
24,77,1784368246,5,833
24,74,1784368416,5,833
24,73,1784368407,9,833
24,73,1784368421,8,833
24,73,1784368430,35,833
25,4,1784368727,101,287
25,5,1784368828,32,287
25,6,1784368860,13,287
25,7,1784369943,120,287
26,1,1784371688,5,2254
26,3,1784371622,9,2254
26,3,1784371695,7,2254
26,4,1784371702,8,2254
26,1357,1784371631,18,2254
26,12,1784371844,57,2254
26,12,1784372015,8,2254
26,6,1784371711,5,2254
26,6,1784372063,5,2254
26,11,1784371724,120,2254
26,11,1784371901,114,2254
26,11,1784372023,34,2254
26,11,1784372072,28,2254
26,1369,1784371649,9,2254
26,14,1784372134,97,2254
26,13,1784372124,10,2254
26,12,1784372100,24,2254
26,16,1784372232,33,2499
26,17,1784372265,24,2499
26,18,1784372293,55,2499
26,19,1784372348,120,2499
26,20,1784372624,41,2499
26,21,1784372665,65,2499
26,22,1784372730,68,2499
26,23,1784372798,70,2499
26,24,1784372868,82,2499
26,25,1784372950,99,2499
26,26,1784373049,78,2499
26,34,1784373348,45,2499
26,32,1784373252,78,2499
26,28,1784373211,25,2499
26,27,1784373132,79,2499
26,33,1784373330,18,2499
26,31,1784373245,7,2499
26,35,1784373393,64,2499
26,36,1784373457,49,2499
26,37,1784438201,120,2499
27,1,1784438442,58,837
28,1,1784438602,58,1966
28,2,1784438660,5,1966
28,4,1784438666,18,1966
28,7,1784438690,12,1966
28,8,1784438702,9,1966
28,334,1784439426,12,1966
28,328,1784439367,41,1966
28,336,1784439418,5,1966
28,326,1784438833,120,1966
28,311,1784438758,75,1966
28,307,1784438733,17,1966
28,305,1784438723,8,1966
28,304,1784438718,5,1966
28,338,1784439408,7,1966
28,327,1784439354,13,1966
28,335,1784554858,120,1966
28,336,1784555778,5,1966
28,336,1784555786,16,1966
27,1,1784689169,120,837
27,2,1784689469,13,858
27,82,1784689490,35,858
27,49,1784689656,63,858
27,48,1784689561,95,858
27,47,1784689482,8,858
27,47,1784689528,33,858
27,50,1784689724,8,858
27,51,1784762322,120,858
28,342,1784764002,58,1966
28,340,1784763743,82,1966
28,340,1784763830,77,1966
28,341,1784763907,6,1966
28,341,1784763914,88,1966
28,338,1784763510,120,1966
28,339,1784763643,100,1966
28,339,1784763825,5,1966
28,336,1784763313,16,1966
28,336,1784763365,58,1966
28,337,1784763423,87,1966
28,335,1784763244,62,1966
28,949,1784763329,25,1966
28,343,1784764060,93,1966
28,356,1784764950,120,2007
28,353,1784764425,43,2007
28,353,1784764575,120,2007
28,352,1784764218,53,2007
28,352,1784764336,89,2007
28,352,1784764518,8,2007
28,352,1784764527,16,2007
28,352,1784764544,25,2007
28,355,1784764872,78,2007
28,354,1784764701,47,2007
28,354,1784764800,72,2007
28,351,1784764166,52,2007
28,351,1784764271,65,2007
28,351,1784764468,50,2007
28,972,1784764757,27,2007
28,360,1784765656,91,2007
28,362,1784765894,62,2007
28,362,1784765958,120,2007
28,357,1784765165,120,2007
28,359,1784765547,43,2007
28,359,1784765592,56,2007
28,359,1784765651,5,2007
28,358,1784765373,81,2007
28,358,1784765456,91,2007
28,361,1784765747,120,2007
28,363,1784802011,120,2007
28,362,1784801902,109,2007
28,365,1784802276,120,2007
28,364,1784802191,85,2007
28,373,1784803250,24,2007
28,373,1784803294,24,2007
28,373,1784803376,48,2007
28,372,1784803187,63,2007
28,372,1784803342,6,2007
28,369,1784802843,120,2007
28,368,1784802736,101,2007
28,371,1784803087,100,2007
28,371,1784803277,10,2007
28,370,1784802964,85,2007
28,370,1784803051,36,2007
28,370,1784803287,5,2007
28,367,1784802525,15,2007
28,367,1784802612,120,2007
28,366,1784802434,91,2007
28,366,1784802540,72,2007
28,977,1784803318,24,2007
28,977,1784803350,26,2007
28,376,1784803599,104,2007
28,379,1784803937,84,2007
28,378,1784803801,23,2007
28,378,1784803836,101,2007
28,375,1784803493,106,2007
28,374,1784803424,57,2007
28,374,1784803484,9,2007
28,979,1784803824,12,2007
28,377,1784803703,98,2007
28,379,1784812331,8,2007
28,381,1784812411,120,2007
28,381,1784812625,5,2007
28,380,1784812211,120,2007
28,380,1784812339,72,2007
28,383,1784812739,120,2007
28,382,1784812568,41,2007
28,382,1784812613,12,2007
28,382,1784812633,106,2007
28,384,1784812884,120,2007
28,388,1784813882,113,2007
28,389,1784813995,39,2007
28,390,1784814034,120,2007
28,384,1784813422,98,2007
28,385,1784813520,32,2007
28,385,1784813555,10,2007
28,385,1784813566,60,2007
28,387,1784813699,120,2007
28,380,1784813254,68,2007
28,383,1784813354,5,2007
28,383,1784813364,58,2007
28,382,1784813323,31,2007
28,382,1784813359,5,2007
28,386,1784813631,68,2007
28,394,1784815028,103,2007
28,391,1784814221,120,2007
28,391,1784814360,120,2007
28,392,1784814534,120,2007
28,392,1784814866,57,2007
28,393,1784814923,105,2007
28,395,1784815131,92,2007
28,396,1784815223,62,2007
28,397,1784815285,114,2007
28,398,1784815399,107,2007
28,399,1784815506,107,2007
28,400,1784815618,53,2007
28,400,1784815673,80,2007
28,402,1784896036,100,2007
28,403,1784896136,120,2007
28,404,1784896266,86,2007
28,405,1784896352,61,2007
28,406,1784896413,65,2007
28,407,1784896478,92,2007
28,408,1784896570,120,2007
28,401,1784895938,98,2007
28,408,1784897263,120,2007
28,410,1784937106,120,2007
28,411,1784937264,47,2007
28,411,1784937322,26,2007
28,413,1784937314,5,2007
28,408,1784937008,32,2007
28,409,1784936000,120,2007
28,409,1784937040,66,2007
28,557,1784937608,120,2697
28,557,1784937797,19,2697
28,559,1784937877,120,2697
28,560,1784938020,120,2697
28,561,1784938206,81,2697
28,558,1784937790,7,2697
28,558,1784937816,61,2697
28,556,1784937429,120,2697
28,555,1784937350,63,2697
28,555,1784937422,7,2697
28,561,1784938336,120,2697
28,562,1784938287,49,2697
28,562,1784938612,120,2697
28,564,1784938823,63,2697
28,565,1784938886,73,2697
28,563,1784938741,10,2697
28,563,1784938752,71,2697
28,566,1784938959,120,2697
28,566,1784939148,5,2697
28,567,1784939153,62,2697
28,571,1784939610,64,2697
28,571,1784939677,120,2697
28,567,1784939228,8,2697
28,568,1784939215,9,2697
28,568,1784939236,120,2697
28,570,1784939565,45,2697
28,572,1784939909,10,2697
28,572,1784939923,120,2697
28,569,1784939484,81,2697
28,546,1784940980,12,2697
28,435,1784941007,27,2697
28,466,1784940992,15,2697
28,572,1784940973,7,2697
28,577,1784940466,110,2697
28,577,1784940580,23,2697
28,581,1784940783,66,2697
28,581,1784940933,40,2697
28,581,1784941039,11,2697
28,576,1784940401,65,2697
28,573,1784940151,70,2697
28,578,1784940603,70,2697
28,574,1784940221,6,2697
28,574,1784940230,73,2697
28,582,1784940853,45,2697
28,582,1784941050,101,2697
28,580,1784940725,58,2697
28,580,1784940901,28,2697
28,579,1784940673,52,2697
28,575,1784940303,98,2697
28,474,1784941428,23,2697
28,586,1784941294,67,2697
28,585,1784941247,47,2697
28,583,1784941151,42,2697
28,584,1784941193,54,2697
28,587,1784941361,49,2697
28,487,1784941410,18,2697
28,487,1784941453,20,2697
28,487,1784941475,30,2697
28,590,1784941871,104,2697
28,590,1784941984,39,2697
28,588,1784941699,48,2697
28,587,1784941505,120,2697
28,587,1784941689,10,2697
28,589,1784941750,120,2697
28,591,1784941975,9,2697
28,591,1784942023,93,2697
28,591,1784942123,6,2697
28,595,1784942329,66,2697
28,597,1784942856,120,2697
28,592,1784942129,58,2697
28,598,1784942996,27,2697
28,596,1784942395,120,2697
28,594,1784942252,77,2697
28,593,1784942187,65,2697
28,606,1784943707,53,2697
28,604,1784943576,64,2697
28,603,1784943495,81,2697
28,601,1784943317,54,2697
28,598,1784943128,31,2697
28,598,1784943211,57,2697
28,597,1784943067,61,2697
28,597,1784943159,13,2697
28,597,1784943181,30,2697
28,602,1784943371,120,2697
28,607,1784943760,110,2697
28,605,1784943640,67,2697
28,599,1784943268,15,2697
28,596,1784943172,9,2697
28,600,1784943283,34,2697
28,608,1784943870,120,2697
28,611,1784944184,60,2697
28,619,1784944884,50,2697
28,612,1784944244,61,2697
28,617,1784944612,60,2697
28,617,1784944726,10,2697
28,614,1784944360,52,2697
28,609,1784943994,72,2697
28,609,1784944074,52,2697
28,618,1784944672,38,2697
28,618,1784944721,5,2697
28,618,1784944736,120,2697
28,616,1784944529,83,2697
28,615,1784944412,117,2697
28,613,1784944305,55,2697
28,610,1784944126,58,2697
28,608,1784944066,8,2697
28,622,1784945039,32,2697
28,621,1784945014,25,2697
28,623,1784945075,69,2697
28,620,1784944934,72,2697
28,620,1784945008,6,2697
28,631,1784945785,6,2697
28,631,1784945793,82,2697
28,629,1784945627,74,2697
28,626,1784945306,95,2697
28,625,1784945220,86,2697
28,624,1784945144,76,2697
28,627,1784945401,120,2697
28,628,1784945525,102,2697
28,630,1784945701,84,2697
28,638,1784946428,9,2697
28,638,1784946449,86,2697
28,636,1784946276,89,2697
28,635,1784946199,77,2697
28,632,1784945875,89,2697
28,637,1784946365,63,2697
28,637,1784946437,12,2697
28,633,1784945964,94,2697
28,633,1784946069,18,2697
28,634,1784946058,11,2697
28,634,1784946087,112,2697
28,639,1784946535,119,2697
28,639,1784946656,23,2697
28,639,1784946698,65,2697
28,639,1784946764,40,2697
28,638,1784946679,19,2697
28,644,1784947130,8,2697
28,641,1784946907,120,2697
28,640,1784946804,103,2697
28,643,1784947082,43,2697
28,643,1784947138,38,2697
28,642,1784947037,45,2697
28,655,1784948072,48,2697
28,644,1784947203,75,2697
28,653,1784947893,76,2697
28,649,1784947576,52,2697
28,649,1784947651,9,2697
28,651,1784947729,97,2697
28,646,1784947326,37,2697
28,646,1784947383,25,2697
28,652,1784947826,67,2697
28,654,1784947969,65,2697
28,654,1784948038,34,2697
28,648,1784947456,49,2697
28,648,1784947526,50,2697
28,650,1784947628,23,2697
28,650,1784947660,69,2697
28,645,1784947278,48,2697
28,647,1784947363,5,2697
28,647,1784947371,12,2697
28,647,1784947408,44,2697
28,581,1784947515,10,2697
28,643,1784947177,19,2697
28,643,1784947198,5,2697
28,582,1784947505,10,2697
28,654,1784948120,6,2697
28,636,1784948204,17,2697
28,636,1784948224,6,2697
28,636,1784948246,28,2697
28,637,1784948230,16,2697
28,652,1784948180,24,2697
28,656,1784948148,5,2697
28,656,1784948162,5,2697
28,656,1784948281,120,2697
28,655,1784948126,22,2697
28,655,1784948153,9,2697
28,655,1784948167,9,2697
28,657,1784949083,72,2697
28,658,1784949155,57,2697
28,670,1784956126,69,2697
28,665,1784955745,77,2697
28,666,1784955822,74,2697
28,661,1784955383,120,2697
28,662,1784955511,70,2697
28,669,1784956038,88,2697
28,664,1784955686,59,2697
28,667,1784955896,75,2697
28,660,1784954344,120,2697
28,660,1784955321,62,2697
28,663,1784955581,105,2697
28,668,1784955971,67,2697
28,671,1784956195,77,2697
28,673,1784956405,67,2697
28,674,1784956472,106,2697
28,677,1784956761,75,2697
28,678,1784956836,120,2697
28,672,1784956272,120,2697
28,675,1784956578,79,2697
28,676,1784956657,104,2697
28,687,1785072735,79,2697
28,685,1785072559,78,2697
28,685,1785072686,8,2697
28,686,1785072637,49,2697
28,686,1785072694,41,2697
28,680,1785072248,13,2697
28,680,1785072293,10,2697
28,682,1785072357,69,2697
28,1371,1785072814,39,2697
28,679,1785072034,120,2697
28,679,1785072261,32,2697
28,684,1785072494,65,2697
28,683,1785072426,68,2697
28,681,1785072303,54,2697
28,693,1785073502,78,2697
28,693,1785073594,41,2697
28,693,1785073707,5,2697
28,694,1785073635,72,2697
28,694,1785073718,23,2697
28,688,1785072983,15,2697
28,688,1785073003,48,2697
28,691,1785073172,91,2697
28,687,1785072948,35,2697
28,687,1785072998,5,2697
28,1371,1785072863,85,2697
28,695,1785073741,73,2697
28,689,1785073051,73,2697
28,690,1785073124,48,2697
28,692,1785073263,120,2697
28,692,1785073580,14,2697
28,702,1785074363,58,2697
28,697,1785073915,32,2697
28,697,1785073986,28,2697
28,698,1785074112,46,2697
28,692,1785074027,5,2697
28,692,1785074061,28,2697
28,691,1785074032,29,2697
28,700,1785074224,63,2697
28,696,1785073814,101,2697
28,1373,1785073947,39,2697
28,699,1785074099,13,2697
28,699,1785074158,66,2697
28,706,1785074664,85,2697
28,705,1785074579,14,2697
28,705,1785074595,69,2697
28,704,1785074494,85,2697
28,703,1785074421,73,2697
28,701,1785074287,76,2697
28,1376,1785074889,6,2697
28,707,1785074749,85,2697
28,711,1785075094,120,2697
28,711,1785075290,120,2697
28,710,1785074990,6,2697
28,710,1785074999,47,2697
28,710,1785075055,39,2697
28,709,1785074923,67,2697
28,709,1785075046,9,2697
28,708,1785074834,55,2697
28,708,1785074895,28,2697
28,715,1785076360,53,2697
28,712,1785076154,72,2697
28,718,1785076531,83,2697
28,716,1785076413,57,2697
28,714,1785076280,80,2697
28,711,1785076141,13,2697
28,713,1785076226,54,2697
28,717,1785076470,61,2697
28,719,1785076614,120,2697
29,1,1785079962,40,564
29,3,1785080006,26,564
29,3,1785080131,9,564
29,4,1785080032,9,564
29,5,1785080043,78,564
29,5,1785080142,80,564
29,6,1785080222,62,564
29,7,1785080284,120,564
29,8,1785080413,13,564
29,8,1785080430,120,564
29,8,1785080679,96,564
29,7,1785081682,120,564
29,8,1785081823,13,564
29,8,1785081872,48,564
29,9,1785081836,36,564
29,10,1785081922,120,564
29,10,1785082154,6,564
29,11,1785082044,21,564
29,11,1785082066,49,564
29,12,1785082119,31,564
29,12,1785082161,19,564
29,12,1785082181,6,564
29,13,1785082187,8,564
29,13,1785082198,21,564
29,14,1785155102,18,564
29,15,1785155120,71,564
29,15,1785155192,13,564
29,16,1785155205,105,564
29,17,1785155310,81,564
29,18,1785155396,100,564
29,18,1785155498,120,564
29,19,1785155635,92,564
29,20,1785155727,102,564
29,20,1785155833,8,564
29,21,1785155845,99,564
29,22,1785155949,120,564
29,23,1785156090,120,564
29,27,1785156790,120,564
29,26,1785156631,120,564
29,25,1785156522,5,564
29,25,1785156529,102,564
29,24,1785156385,120,564
29,28,1785156917,120,564
29,32,1785157408,120,564
29,31,1785157274,120,564
29,29,1785157060,94,564
29,30,1785157154,120,564
29,33,1785157580,120,564
29,34,1785157989,25,564
29,34,1785158037,66,564
29,37,1785158237,120,564
29,33,1785158014,23,564
29,35,1785158103,76,564
29,36,1785158179,58,564
29,37,1785160113,120,564
29,37,1785161616,120,564
