id_book,page,start_time,duration
1,1,1783871366,14
1,8,1783871389,24
2,1,1783874673,13
2,4,1783874696,27
2,5,1783874723,11
2,6,1783874734,29
2,7,1783874763,8
2,8,1783874771,120
2,9,1783875031,26
2,10,1783875057,19
2,11,1783875076,29
2,12,1783875105,22
2,14,1783875131,17
2,15,1783875148,55
2,16,1783875203,16
2,17,1783875219,45
2,18,1783875264,6
2,43,1783875305,23
2,52,1783875338,19
2,63,1783875377,41
2,64,1783875418,5
2,56,1783875440,14
2,80,1783875514,10
2,56,1783875454,13
2,77,1783875498,5
2,78,1783875503,10
2,81,1783875527,5
2,80,1783875532,99
2,79,1783875637,30
3,1,1783875681,15
3,4,1783875702,19
3,5,1783875721,9
3,7,1783875733,9
3,11,1783875750,51
3,12,1783875801,120
3,13,1783875931,62
3,14,1783875993,28
3,15,1783876021,8
3,16,1783876029,35
3,17,1783876064,34
3,18,1783876098,63
4,6,1783876184,9
4,7,1783876193,55
4,8,1783876248,70
4,9,1783876318,53
4,10,1783876371,33
4,11,1783876404,53
4,12,1783876457,22
4,14,1783876482,5
5,1,1783876502,12
5,2,1783876514,16
5,4,1783876533,13
5,7,1783876548,7
5,8,1783876559,29
5,9,1783876588,49
5,10,1783876637,37
5,11,1783876674,9
5,14,1783906511,39
5,13,1783906401,110
5,15,1783906550,119
5,12,1783906246,120
4,14,1783906679,8
5,15,1783906693,7
5,15,1783906703,31
5,16,1783906734,9
5,17,1783906743,22
5,18,1783906765,29
5,19,1783906794,31
5,20,1783906825,20
5,21,1783906845,61
5,22,1783906906,28
5,22,1783906939,28
5,23,1783906934,5
5,23,1783906967,33
5,24,1783907000,45
5,25,1783907045,24
5,26,1783907069,44
5,27,1783907113,23
5,28,1783907136,34
5,29,1783907170,38
5,30,1783907208,11
5,31,1783907219,51
5,32,1783907270,18
5,33,1783907288,28
5,34,1783907316,42
5,35,1783907358,24
5,36,1783907382,40
5,37,1783907422,46
5,45,1783912315,68
5,43,1783912212,59
5,39,1783911542,120
5,46,1783912383,55
5,41,1783912066,52
5,44,1783912271,44
5,42,1783912118,94
5,40,1783911687,120
5,38,1783911470,72
5,50,1783912577,33
5,50,1783912625,120
5,48,1783912468,30
5,47,1783912438,30
5,51,1783912610,15
5,49,1783912498,79
5,51,1783912951,120
6,1,1783913114,66
6,2,1783913180,92
6,3,1783913272,17
6,4,1783913289,77
6,5,1783913366,91
6,6,1783913457,120
6,7,1783913589,120
6,8,1783913725,70
6,9,1783913795,106
6,10,1783913901,77
6,11,1783913978,27
6,13,1783914007,120
6,14,1783914174,62
6,15,1783914236,53
6,16,1783914289,120
6,16,1783914469,24
6,18,1783914495,89
6,19,1783914584,120
6,20,1783914773,89
6,21,1783914862,120
6,22,1783915149,5
6,22,1783915169,12
6,21,1783915089,60
6,21,1783915154,15
6,23,1783915181,21
6,25,1783915212,120
6,24,1783915202,10
6,26,1783915493,120
6,32,1783916421,8
6,33,1783916429,16
6,34,1783916445,6
6,36,1783916453,15
6,37,1783916468,60
6,38,1783916528,16
7,1,1783916570,6
7,2,1783916576,30
7,3,1783916606,79
7,4,1783916685,11
7,5,1783916696,9
7,6,1783916705,29
7,9,1783916738,6
8,1,1783916781,8
9,5,1783916816,10
9,6,1783916826,12
9,7,1783916838,8
9,9,1783916850,5
9,10,1783916855,13
9,11,1783916868,9
9,12,1783916877,15
9,13,1783916892,24
9,14,1783916916,9
9,15,1783916925,6
9,16,1783916931,23
9,18,1783916955,9
9,20,1783916966,7
9,21,1783916973,13
9,21,1783916988,38
9,22,1783917026,5
9,22,1783917032,66
9,23,1783917098,56
9,24,1783917154,21
9,24,1783917185,43
9,25,1783917175,10
9,25,1783917228,43
9,26,1783917271,57
9,27,1783917328,60
9,28,1783917388,78
9,29,1783917471,53
9,30,1783917524,68
10,5,1783931041,120
11,3,1783985351,120
11,4,1783985604,59
11,5,1783985663,76
11,6,1783985739,64
11,7,1783985803,61
11,9,1783985868,81
11,11,1783985951,27
11,12,1783985978,57
11,13,1783986035,100
11,14,1783986135,81
11,15,1783986216,108
11,16,1783986324,105
11,17,1783986429,91
11,21,1783986709,58
11,20,1783986663,46
11,18,1783986520,99
11,19,1783986619,44
11,22,1784025224,48
11,23,1784025272,38
11,24,1784025310,44
11,25,1784025354,81
11,26,1784025435,46
11,27,1784025481,58
11,28,1784025539,61
11,29,1784025600,38
11,30,1784025638,81
11,31,1784025719,40
11,32,1784025759,47
11,33,1784025806,106
11,38,1784026091,7
11,38,1784026111,40
11,34,1784025912,51
11,35,1784025963,80
11,36,1784026043,24
11,37,1784026043,24
11,36,1784026098,6
11,37,1784026098,6
11,39,1784028056,77
11,44,1784028819,120
11,43,1784028720,99
11,40,1784028133,33
11,42,1784028273,120
11,41,1784028166,107
11,38,1784028030,26
11,52,1784029886,88
11,46,1784029249,120
11,53,1784029974,80
11,51,1784029797,89
11,49,1784029634,75
11,45,1784029111,120
11,48,1784029533,101
11,47,1784029441,92
11,50,1784029709,88
11,57,1784030339,120
11,55,1784030123,99
11,56,1784030222,117
11,54,1784030054,69
11,58,1784030657,120
11,61,1784031130,10
11,58,1784030928,38
11,60,1784031000,120
11,59,1784030966,8
11,59,1784030978,22
11,67,1784031660,113
11,68,1784031773,114
11,64,1784031332,103
11,62,1784031240,34
11,65,1784031435,63
11,71,1784032030,120
11,70,1784031946,84
11,66,1784031498,120
11,69,1784031887,59
11,63,1784031294,38
11,61,1784031216,24
11,61,1784031274,18
11,78,1784032631,120
11,77,1784032589,42
11,74,1784032354,60
11,76,1784032490,94
11,73,1784032246,102
11,72,1784032167,79
11,75,1784032414,76
11,78,1784033534,105
11,80,1784033788,42
11,80,1784033843,120
11,76,1784033452,68
11,75,1784033445,7
11,81,1784034026,105
11,79,1784033411,6
11,79,1784033639,120
11,79,1784033830,13
11,77,1784033420,24
11,77,1784033520,14
11,82,1784034131,120
11,86,1784035045,24
11,86,1784035071,120
11,85,1784035028,17
11,83,1784034949,59
11,84,1784035008,20
11,88,1784035289,120
11,88,1784035416,19
11,87,1784035193,96
11,105,1784110931,54
11,99,1784110625,73
11,99,1784110705,14
11,91,1784110169,46
11,106,1784110985,48
11,98,1784110553,72
11,90,1784110143,26
11,101,1784110725,35
11,93,1784110288,35
11,100,1784110698,7
11,100,1784110719,6
11,92,1784110215,73
11,103,1784110827,71
11,95,1784110357,111
11,102,1784110760,67
11,94,1784110323,26
11,94,1784110350,7
11,97,1784110528,25
11,89,1784110110,33
11,104,1784110898,33
11,96,1784110468,60
11,108,1784111111,83
11,107,1784111033,78
11,109,1784111194,65
11,114,1784111496,24
11,110,1784111259,61
11,117,1784111608,62
11,115,1784111520,52
11,119,1784111766,74
11,111,1784111320,76
11,120,1784111844,64
11,116,1784111572,36
11,112,1784111396,48
11,118,1784111670,96
11,121,1784111908,31
11,113,1784111444,52
11,132,1784112556,33
11,126,1784112195,66
11,134,1784112662,120
11,127,1784112261,70
11,133,1784112589,73
11,131,1784112517,39
11,128,1784112331,27
11,128,1784112360,27
11,129,1784112387,66
11,122,1784111939,68
11,130,1784112457,60
11,123,1784112007,6
11,125,1784112051,120
11,124,1784112013,38
11,140,1784113110,120
11,141,1784113318,67
11,142,1784113392,52
11,135,1784112850,85
11,135,1784112945,14
11,144,1784113474,19
11,136,1784112935,10
11,136,1784112959,32
11,137,1784112991,34
11,138,1784113025,12
11,139,1784113037,73
11,143,1784113444,30
11,147,1784289039,73
11,146,1784288954,85
11,145,1784288778,44
11,145,1784288827,120
11,144,1784288822,5
11,150,1784289353,21
11,153,1784289486,39
11,149,1784289271,82
11,152,1784289378,108
11,148,1784289112,120
11,155,1784289635,53
11,156,1784289688,120
11,154,1784289525,110
11,162,1784290160,50
11,161,1784290120,40
11,160,1784290080,24
11,159,1784289982,98
11,159,1784290104,14
11,165,1784290392,120
11,158,1784289910,72
11,164,1784290273,119
11,157,1784289822,79
11,163,1784290210,63
11,170,1784291166,20
11,169,1784291092,74
11,168,1784290907,120
11,167,1784290867,40
11,166,1784290851,7
11,166,1784290859,8
11,173,1784291385,69
11,172,1784291342,43
11,171,1784291186,120
11,178,1784292851,27
11,179,1784292878,43
11,176,1784292811,35
11,177,1784292846,5
11,175,1784292753,58
11,182,1784292990,17
11,174,1784291742,120
11,180,1784292921,31
11,181,1784292958,32
13,1,1784293017,13
14,2,1784293079,5
14,3,1784293084,8
14,4,1784293092,6
14,5,1784293098,9
14,9,1784293114,8
14,9,1784293123,96
14,10,1784293219,100
14,11,1784293319,120
14,12,1784293603,8
15,1,1784293625,5
15,1,1784293639,31
15,4,1784293675,18
15,5,1784293693,57
15,6,1784293750,40
15,7,1784293790,61
15,8,1784293851,44
15,9,1784293895,42
15,10,1784293937,46
15,11,1784293983,37
15,12,1784294020,26
15,13,1784294046,32
15,14,1784294078,8
16,1,1784294110,12
16,2,1784294122,6
16,6,1784294135,5
16,15,1784294156,65
16,62,1784294243,10
16,62,1784294253,14
16,86,1784294276,120
16,87,1784294473,12
16,87,1784294486,5
16,87,1784294506,18
16,101,1784294531,116
17,8,1784341021,5
18,10,1784341092,8
18,14,1784341105,10
19,3,1784341146,47
19,3,1784341194,18
19,4,1784341212,24
19,5,1784341236,6
19,6,1784341242,17
19,7,1784341259,33
19,8,1784341292,10
19,9,1784341302,8
19,10,1784341310,85
19,11,1784341395,48
19,11,1784341495,23
19,12,1784341443,52
19,13,1784341522,54
19,14,1784341576,61
19,15,1784341637,45
19,16,1784341682,19
19,17,1784341701,38
19,18,1784341739,62
19,19,1784341801,43
19,20,1784341844,54
19,21,1784341898,31
19,22,1784341929,56
19,22,1784341987,21
19,23,1784342008,47
19,24,1784342055,19
19,25,1784342074,28
19,26,1784342102,66
19,27,1784342168,48
19,28,1784342216,25
19,28,1784342266,5
19,29,1784342241,25
19,29,1784342271,29
19,30,1784342300,42
19,31,1784342342,50
19,32,1784342392,32
19,33,1784342424,61
19,34,1784342485,15
19,34,1784342505,8
19,35,1784342500,5
19,35,1784342513,18
19,36,1784342531,41
19,37,1784342572,15
19,38,1784342587,13
19,39,1784342600,49
19,40,1784342649,74
19,41,1784342723,64
19,42,1784342787,48
19,43,1784342835,57
19,44,1784342892,37
19,45,1784342929,7
19,46,1784342936,5
19,53,1784342948,36
19,55,1784343030,17
19,58,1784343064,5
19,56,1784343047,12
19,54,1784342984,46
19,63,1784343115,44
19,62,1784343096,6
19,62,1784343103,12
19,57,1784343059,5
19,61,1784343088,8
19,59,1784343069,9
20,1,1784343173,5
20,2,1784343178,6
20,3,1784343184,9
20,7,1784343198,10
20,8,1784343208,14
20,9,1784343222,36
20,10,1784343258,53
20,11,1784343311,19
20,12,1784343330,65
20,13,1784343395,25
20,14,1784343420,40
20,15,1784343460,43
20,16,1784343503,44
20,17,1784343547,13
20,18,1784343560,38
20,19,1784343598,45
20,20,1784343643,29
20,21,1784343672,36
20,22,1784343708,64
20,23,1784343772,68
20,24,1784343840,70
20,25,1784343910,47
20,25,1784344065,21
20,25,1784344107,5
20,26,1784344086,21
20,26,1784344112,35
20,27,1784344147,55
20,28,1784344202,59
20,29,1784344261,34
20,30,1784344295,59
20,31,1784344354,59
20,32,1784344413,112
20,33,1784344525,24
20,34,1784344549,24
20,35,1784344573,75
20,36,1784344648,73
20,37,1784344721,50
20,38,1784344771,39
20,39,1784344810,40
20,40,1784344850,47
20,40,1784344903,120
20,41,1784344897,6
21,1,1784348000,24
21,2,1784348034,20
21,3,1784348054,32
21,4,1784348024,9
21,4,1784348086,30
21,5,1784348116,64
21,6,1784348180,28
21,7,1784348208,51
21,8,1784348259,69
21,9,1784348328,43
21,10,1784348371,6
21,11,1784348377,41
21,12,1784348418,79
21,13,1784348497,110
21,14,1784348607,64
21,15,1784348671,45
21,16,1784348716,44
21,17,1784348760,83
21,18,1784348843,68
21,19,1784348911,45
21,20,1784348956,109
21,21,1784349065,87
21,22,1784349152,67
21,23,1784349223,57
21,24,1784349280,120
21,25,1784349406,45
21,26,1784349451,60
21,27,1784349511,120
21,28,1784349676,61
21,29,1784349737,54
21,30,1784349791,38
21,31,1784349791,38
21,35,1784350017,63
21,33,1784349904,41
21,32,1784349868,36
21,42,1784350474,52
21,40,1784350325,75
21,38,1784350197,51
21,34,1784349945,72
21,44,1784350569,27
21,44,1784350598,49
21,37,1784350137,60
21,36,1784350080,57
21,45,1784350647,75
21,43,1784350526,43
21,41,1784350400,74
21,39,1784350248,77
21,46,1784350722,90
21,47,1784351635,120
21,46,1784352004,120
21,53,1784352593,80
21,49,1784352371,56
21,47,1784352253,57
21,52,1784352544,49
21,50,1784352427,56
21,48,1784352310,56
21,46,1784352144,109
21,55,1784352860,71
21,54,1784352673,120
21,51,1784352483,61
21,67,1784353548,58
21,67,1784353666,14
21,69,1784353777,70
21,68,1784353606,60
21,68,1784353680,97
21,64,1784353332,113
21,62,1784353228,68
21,58,1784353055,59
21,56,1784352931,76
21,60,1784353180,21
21,65,1784353445,58
21,59,1784353118,62
21,66,1784353503,45
21,61,1784353201,27
21,63,1784353296,36
21,57,1784353007,48
21,71,1784353900,66
21,72,1784353966,70
21,70,1784353847,53
21,73,1784354036,78
21,76,1784354306,19
21,76,1784354657,65
21,74,1784354114,78
21,75,1784354192,18
21,75,1784354212,94
21,75,1784354325,120
21,77,1784363065,120
21,77,1784364105,89
21,77,1784364230,7
21,78,1784364194,28
22,1,1784364249,11
22,2,1784364667,120
23,1,1784365149,5
23,5,1784365157,7
24,4,1784368150,41
24,15,1784368203,19
24,72,1784368264,7
24,74,1784368256,5
24,85,1784368231,5
24,77,1784368246,5
24,74,1784368416,5
24,73,1784368407,9
24,73,1784368421,8
24,73,1784368430,35
25,4,1784368727,101
25,5,1784368828,32
25,6,1784368860,13
25,7,1784369943,120
26,1,1784371688,5
26,3,1784371622,9
26,3,1784371695,7
26,4,1784371702,8
26,1504,1784371631,18
26,13,1784371844,57
26,13,1784372015,8
26,6,1784371711,5
26,6,1784372063,5
26,12,1784371724,120
26,12,1784371901,114
26,12,1784372023,34
26,12,1784372072,28
26,1517,1784371649,9
26,15,1784372134,97
26,14,1784372124,10
26,13,1784372100,24
26,16,1784372232,33
26,17,1784372265,24
26,18,1784372293,55
26,19,1784372348,120
26,20,1784372624,41
26,21,1784372665,65
26,22,1784372730,68
26,23,1784372798,70
26,24,1784372868,82
26,25,1784372950,99
26,26,1784373049,78
26,34,1784373348,45
26,32,1784373252,78
26,28,1784373211,25
26,27,1784373132,79
26,33,1784373330,18
26,31,1784373245,7
26,35,1784373393,64
26,36,1784373457,49
26,37,1784438201,120
27,1,1784438442,58
28,1,1784438602,58
28,2,1784438660,5
28,5,1784438666,18
28,9,1784438690,12
28,10,1784438702,9
28,457,1784439426,6
28,458,1784439426,6
28,449,1784439367,41
28,460,1784439418,5
28,446,1784438833,60
28,447,1784438833,60
28,426,1784438758,75
28,420,1784438733,8
28,421,1784438733,8
28,418,1784438723,8
28,416,1784438718,2
28,417,1784438718,2
28,463,1784439408,7
28,448,1784439354,13
28,459,1784554858,120
28,460,1784555778,5
28,460,1784555786,16
27,1,1784689169,120
27,2,1784689469,13
27,82,1784689490,35
27,49,1784689656,63
27,48,1784689561,95
27,47,1784689482,8
27,47,1784689528,33
27,50,1784689724,8
27,51,1784762322,120
28,468,1784764002,29
28,469,1784764002,29
28,466,1784763743,82
28,466,1784763830,77
28,467,1784763907,6
28,467,1784763914,88
28,463,1784763510,120
28,464,1784763643,50
28,465,1784763643,50
28,464,1784763825,2
28,465,1784763825,2
28,460,1784763313,16
28,460,1784763365,58
28,461,1784763423,43
28,462,1784763423,43
28,459,1784763244,62
28,1301,1784763329,25
28,470,1784764060,93
28,478,1784764950,120
28,474,1784764425,43
28,474,1784764575,120
28,472,1784764218,26
28,473,1784764218,26
28,472,1784764336,44
28,473,1784764336,44
28,472,1784764518,4
28,473,1784764518,4
28,472,1784764527,8
28,473,1784764527,8
28,472,1784764544,12
28,473,1784764544,12
28,476,1784764872,39
28,477,1784764872,39
28,475,1784764701,47
28,475,1784764800,72
28,471,1784764166,52
28,471,1784764271,65
28,471,1784764468,50
28,1305,1784764757,13
28,1306,1784764757,13
28,483,1784765656,91
28,486,1784765894,62
28,486,1784765958,120
28,479,1784765165,120
28,482,1784765547,43
28,482,1784765592,56
28,482,1784765651,5
28,480,1784765373,40
28,481,1784765373,40
28,480,1784765456,45
28,481,1784765456,45
28,484,1784765747,60
28,485,1784765747,60
28,487,1784802011,120
28,486,1784801902,109
28,490,1784802276,120
28,488,1784802191,42
28,489,1784802191,42
28,500,1784803250,12
28,501,1784803250,12
28,500,1784803294,12
28,501,1784803294,12
28,500,1784803376,24
28,501,1784803376,24
28,499,1784803187,63
28,499,1784803342,6
28,495,1784802843,120
28,494,1784802736,101
28,498,1784803087,100
28,498,1784803277,10
28,496,1784802964,42
28,497,1784802964,42
28,496,1784803051,18
28,497,1784803051,18
28,496,1784803287,2
28,497,1784803287,2
28,492,1784802525,7
28,493,1784802525,7
28,492,1784802612,60
28,493,1784802612,60
28,491,1784802434,91
28,491,1784802540,72
28,1312,1784803318,24
28,1312,1784803350,26
28,504,1784803599,52
28,505,1784803599,52
28,508,1784803937,42
28,509,1784803937,42
28,507,1784803801,23
28,507,1784803836,101
28,503,1784803493,106
28,502,1784803424,57
28,502,1784803484,9
28,1315,1784803824,12
28,506,1784803703,98
28,508,1784812331,4
28,509,1784812331,4
28,511,1784812411,120
28,511,1784812625,5
28,510,1784812211,120
28,510,1784812339,72
28,514,1784812739,120
28,512,1784812568,20
28,513,1784812568,20
28,512,1784812613,6
28,513,1784812613,6
28,512,1784812633,53
28,513,1784812633,53
28,515,1784812884,60
28,516,1784812884,60
28,521,1784813882,113
28,522,1784813995,39
28,523,1784814034,60
28,524,1784814034,60
28,515,1784813422,49
28,516,1784813422,49
28,517,1784813520,32
28,517,1784813555,10
28,517,1784813566,60
28,519,1784813699,60
28,520,1784813699,60
28,510,1784813254,68
28,514,1784813354,5
28,514,1784813364,58
28,512,1784813323,15
28,513,1784813323,15
28,512,1784813359,2
28,513,1784813359,2
28,518,1784813631,68
28,529,1784815028,103
28,525,1784814221,120
28,525,1784814360,120
28,526,1784814534,120
28,526,1784814866,57
28,527,1784814923,52
28,528,1784814923,52
28,530,1784815131,92
28,531,1784815223,31
28,532,1784815223,31
28,533,1784815285,114
28,534,1784815399,107
28,535,1784815506,53
28,536,1784815506,53
28,537,1784815618,53
28,537,1784815673,80
28,539,1784896036,50
28,540,1784896036,50
28,541,1784896136,120
28,542,1784896266,86
28,543,1784896352,30
28,544,1784896352,30
28,545,1784896413,65
28,546,1784896478,92
28,547,1784896570,60
28,548,1784896570,60
28,538,1784895938,98
28,547,1784897263,60
28,548,1784897263,60
28,550,1784937106,120
28,551,1784937264,23
28,552,1784937264,23
28,551,1784937322,13
28,552,1784937322,13
28,554,1784937314,5
28,547,1784937008,16
28,548,1784937008,16
28,549,1784936000,120
28,549,1784937040,66
28,557,1784937608,120
28,557,1784937797,19
28,559,1784937877,120
28,560,1784938020,120
28,561,1784938206,81
28,558,1784937790,7
28,558,1784937816,61
28,556,1784937429,120
28,555,1784937350,63
28,555,1784937422,7
28,561,1784938336,120
28,562,1784938287,49
28,562,1784938612,120
28,564,1784938823,63
28,565,1784938886,73
28,563,1784938741,10
28,563,1784938752,71
28,566,1784938959,120
28,566,1784939148,5
28,567,1784939153,62
28,571,1784939610,64
28,571,1784939677,120
28,567,1784939228,8
28,568,1784939215,9
28,568,1784939236,120
28,570,1784939565,45
28,572,1784939909,10
28,572,1784939923,120
28,569,1784939484,81
28,546,1784940980,12
28,435,1784941007,27
28,466,1784940992,15
28,572,1784940973,7
28,577,1784940466,110
28,577,1784940580,23
28,581,1784940783,66
28,581,1784940933,40
28,581,1784941039,11
28,576,1784940401,65
28,573,1784940151,70
28,578,1784940603,70
28,574,1784940221,6
28,574,1784940230,73
28,582,1784940853,45
28,582,1784941050,101
28,580,1784940725,58
28,580,1784940901,28
28,579,1784940673,52
28,575,1784940303,98
28,474,1784941428,23
28,586,1784941294,67
28,585,1784941247,47
28,583,1784941151,42
28,584,1784941193,54
28,587,1784941361,49
28,487,1784941410,18
28,487,1784941453,20
28,487,1784941475,30
28,590,1784941871,104
28,590,1784941984,39
28,588,1784941699,48
28,587,1784941505,120
28,587,1784941689,10
28,589,1784941750,120
28,591,1784941975,9
28,591,1784942023,93
28,591,1784942123,6
28,595,1784942329,66
28,597,1784942856,120
28,592,1784942129,58
28,598,1784942996,27
28,596,1784942395,120
28,594,1784942252,77
28,593,1784942187,65
28,606,1784943707,53
28,604,1784943576,64
28,603,1784943495,81
28,601,1784943317,54
28,598,1784943128,31
28,598,1784943211,57
28,597,1784943067,61
28,597,1784943159,13
28,597,1784943181,30
28,602,1784943371,120
28,607,1784943760,110
28,605,1784943640,67
28,599,1784943268,15
28,596,1784943172,9
28,600,1784943283,34
28,608,1784943870,120
28,611,1784944184,60
28,619,1784944884,50
28,612,1784944244,61
28,617,1784944612,60
28,617,1784944726,10
28,614,1784944360,52
28,609,1784943994,72
28,609,1784944074,52
28,618,1784944672,38
28,618,1784944721,5
28,618,1784944736,120
28,616,1784944529,83
28,615,1784944412,117
28,613,1784944305,55
28,610,1784944126,58
28,608,1784944066,8
28,622,1784945039,32
28,621,1784945014,25
28,623,1784945075,69
28,620,1784944934,72
28,620,1784945008,6
28,631,1784945785,6
28,631,1784945793,82
28,629,1784945627,74
28,626,1784945306,95
28,625,1784945220,86
28,624,1784945144,76
28,627,1784945401,120
28,628,1784945525,102
28,630,1784945701,84
28,638,1784946428,9
28,638,1784946449,86
28,636,1784946276,89
28,635,1784946199,77
28,632,1784945875,89
28,637,1784946365,63
28,637,1784946437,12
28,633,1784945964,94
28,633,1784946069,18
28,634,1784946058,11
28,634,1784946087,112
28,639,1784946535,119
28,639,1784946656,23
28,639,1784946698,65
28,639,1784946764,40
28,638,1784946679,19
28,644,1784947130,8
28,641,1784946907,120
28,640,1784946804,103
28,643,1784947082,43
28,643,1784947138,38
28,642,1784947037,45
28,655,1784948072,48
28,644,1784947203,75
28,653,1784947893,76
28,649,1784947576,52
28,649,1784947651,9
28,651,1784947729,97
28,646,1784947326,37
28,646,1784947383,25
28,652,1784947826,67
28,654,1784947969,65
28,654,1784948038,34
28,648,1784947456,49
28,648,1784947526,50
28,650,1784947628,23
28,650,1784947660,69
28,645,1784947278,48
28,647,1784947363,5
28,647,1784947371,12
28,647,1784947408,44
28,581,1784947515,10
28,643,1784947177,19
28,643,1784947198,5
28,582,1784947505,10
28,654,1784948120,6
28,636,1784948204,17
28,636,1784948224,6
28,636,1784948246,28
28,637,1784948230,16
28,652,1784948180,24
28,656,1784948148,5
28,656,1784948162,5
28,656,1784948281,120
28,655,1784948126,22
28,655,1784948153,9
28,655,1784948167,9
28,657,1784949083,72
28,658,1784949155,57
28,670,1784956126,69
28,665,1784955745,77
28,666,1784955822,74
28,661,1784955383,120
28,662,1784955511,70
28,669,1784956038,88
28,664,1784955686,59
28,667,1784955896,75
28,660,1784954344,120
28,660,1784955321,62
28,663,1784955581,105
28,668,1784955971,67
28,671,1784956195,77
28,673,1784956405,67
28,674,1784956472,106
28,677,1784956761,75
28,678,1784956836,120
28,672,1784956272,120
28,675,1784956578,79
28,676,1784956657,104
28,687,1785072735,79
28,685,1785072559,78
28,685,1785072686,8
28,686,1785072637,49
28,686,1785072694,41
28,680,1785072248,13
28,680,1785072293,10
28,682,1785072357,69
28,1371,1785072814,39
28,679,1785072034,120
28,679,1785072261,32
28,684,1785072494,65
28,683,1785072426,68
28,681,1785072303,54
28,693,1785073502,78
28,693,1785073594,41
28,693,1785073707,5
28,694,1785073635,72
28,694,1785073718,23
28,688,1785072983,15
28,688,1785073003,48
28,691,1785073172,91
28,687,1785072948,35
28,687,1785072998,5
28,1371,1785072863,85
28,695,1785073741,73
28,689,1785073051,73
28,690,1785073124,48
28,692,1785073263,120
28,692,1785073580,14
28,702,1785074363,58
28,697,1785073915,32
28,697,1785073986,28
28,698,1785074112,46
28,692,1785074027,5
28,692,1785074061,28
28,691,1785074032,29
28,700,1785074224,63
28,696,1785073814,101
28,1373,1785073947,39
28,699,1785074099,13
28,699,1785074158,66
28,706,1785074664,85
28,705,1785074579,14
28,705,1785074595,69
28,704,1785074494,85
28,703,1785074421,73
28,701,1785074287,76
28,1376,1785074889,6
28,707,1785074749,85
28,711,1785075094,120
28,711,1785075290,120
28,710,1785074990,6
28,710,1785074999,47
28,710,1785075055,39
28,709,1785074923,67
28,709,1785075046,9
28,708,1785074834,55
28,708,1785074895,28
28,715,1785076360,53
28,712,1785076154,72
28,718,1785076531,83
28,716,1785076413,57
28,714,1785076280,80
28,711,1785076141,13
28,713,1785076226,54
28,717,1785076470,61
28,719,1785076614,120
29,1,1785079962,40
29,3,1785080006,26
29,3,1785080131,9
29,4,1785080032,9
29,5,1785080043,78
29,5,1785080142,80
29,6,1785080222,62
29,7,1785080284,120
29,8,1785080413,13
29,8,1785080430,120
29,8,1785080679,96
29,7,1785081682,120
29,8,1785081823,13
29,8,1785081872,48
29,9,1785081836,36
29,10,1785081922,120
29,10,1785082154,6
29,11,1785082044,21
29,11,1785082066,49
29,12,1785082119,31
29,12,1785082161,19
29,12,1785082181,6
29,13,1785082187,8
29,13,1785082198,21
29,14,1785155102,18
29,15,1785155120,71
29,15,1785155192,13
29,16,1785155205,105
29,17,1785155310,81
29,18,1785155396,100
29,18,1785155498,120
29,19,1785155635,92
29,20,1785155727,102
29,20,1785155833,8
29,21,1785155845,99
29,22,1785155949,120
29,23,1785156090,120
29,27,1785156790,120
29,26,1785156631,120
29,25,1785156522,5
29,25,1785156529,102
29,24,1785156385,120
29,28,1785156917,120
29,32,1785157408,120
29,31,1785157274,120
29,29,1785157060,94
29,30,1785157154,120
29,33,1785157580,120
29,34,1785157989,25
29,34,1785158037,66
29,37,1785158237,120
29,33,1785158014,23
29,35,1785158103,76
29,36,1785158179,58
29,37,1785160113,120
29,37,1785161616,120
